,accuracy,balanced accuracy,precision avg,recall avg,precision (++),precision (+),precision (-),precision (--),recall (++),recall (+),recall (-),recall (--),pos neg class,max depth
RFC_pos_neg_class,0.8253012048192772,0.8195324157686459,0.8265350048644974,0.8253012048192772,0.8536585365853658,0.7719298245614035,0.8214285714285714,0.875,0.813953488372093,0.8461538461538461,0.696969696969697,0.9210526315789473,0.9578313253012049,8
RFC_neg_recall,0.7891566265060241,0.7899118170690997,0.7921080187203504,0.7891566265060241,0.8333333333333334,0.7647058823529411,0.6666666666666666,0.8918918918918919,0.813953488372093,0.75,0.7272727272727273,0.868421052631579,0.927710843373494,9
XGB_base,0.7710843373493976,0.7669432770411962,0.7713217401626209,0.7710843373493976,0.7674418604651163,0.7142857142857143,0.7241379310344828,0.8947368421052632,0.7674418604651163,0.7692307692307693,0.6363636363636364,0.8947368421052632,0.927710843373494,
XGB_neg_recall,0.7469879518072289,0.7469380629570348,0.7488621151271753,0.7469879518072289,0.7333333333333333,0.7115384615384616,0.6666666666666666,0.8888888888888888,0.7674418604651163,0.7115384615384616,0.6666666666666666,0.8421052631578947,0.927710843373494,8
RFC_base,0.7771084337349398,0.7747603019175846,0.7791705864162172,0.7771084337349398,0.8333333333333334,0.7358490566037735,0.6470588235294118,0.8918918918918919,0.813953488372093,0.75,0.6666666666666666,0.868421052631579,0.9156626506024097,
XGB_pos_neg_class,0.7590361445783133,0.7618672127546057,0.7578822075632848,0.7590361445783133,0.7674418604651163,0.7058823529411765,0.6666666666666666,0.8974358974358975,0.7674418604651163,0.6923076923076923,0.6666666666666666,0.9210526315789473,0.9096385542168675,2
baseline_dummy_class,0.27710843373493976,0.2687785490723067,0.27507561006948217,0.27710843373493976,0.2826086956521739,0.33962264150943394,0.25,0.2,0.3023255813953488,0.34615384615384615,0.24242424242424243,0.18421052631578946,0.5542168674698795,
KMeans_base,0.3192771084337349,0.308473350395015,0.3257133107593773,0.3192771084337349,0.2,0.48148148148148145,0.23529411764705882,0.3333333333333333,0.18604651162790697,0.5,0.36363636363636365,0.18421052631578946,0.4879518072289156,
